date,open,high,low,close,metal
3/4/2026,8500,8500,8500,8500,Copper
4/4/2026,8508.499999999998,8517,8491.5,8512.75,Copper
5/4/2026,8517,8534,8483,8525.499999999998,Copper
6/4/2026,8525.499999999998,8551,8474.5,8538.25,Copper
7/4/2026,8534,8568,8466,8551,Copper
8/4/2026,8542.5,8585,8457.5,8563.75,Copper
9/4/2026,8551,8602,8449,8576.5,Copper
10/4/2026,8559.5,8619,8440.5,8589.25,Copper
11/4/2026,8568,8636,8432,8602,Copper
12/4/2026,8576.5,8653,8423.5,8614.75,Copper
13/4/2026,8585,8670,8415,8627.5,Copper
14/4/2026,8593.5,8687,8406.5,8640.25,Copper
15/4/2026,8602,8704,8398,8653,Copper
16/4/2026,8610.5,8721,8389.5,8665.75,Copper
17/4/2026,8619,8738,8381,8678.5,Copper
18/4/2026,8627.5,8755,8372.5,8691.25,Copper
19/4/2026,8636,8772,8364,8704,Copper
20/4/2026,8644.5,8789,8355.5,8716.75,Copper
21/4/2026,8653,8806,8347,8729.5,Copper
22/4/2026,8661.5,8823,8338.5,8742.25,Copper
23/4/2026,8670,8840,8330,8755,Copper
24/4/2026,8678.5,8857,8321.5,8767.75,Copper
25/4/2026,8687,8874,8313,8780.5,Copper
26/4/2026,8695.5,8891,8304.5,8793.25,Copper
27/4/2026,8704,8908,8296,8806,Copper
28/4/2026,8712.5,8925,8287.5,8818.75,Copper
29/4/2026,8721,8942,8279,8831.5,Copper
30/4/2026,8729.5,8959,8270.5,8844.25,Copper
1/5/2026,8738,8976,8262,8857,Copper
2/5/2026,8746.5,8993,8253.5,8869.75,Copper
3/5/2026,8755,9010,8245,8882.5,Copper
4/5/2026,8763.5,9027,8236.5,8895.25,Copper
5/5/2026,8772,9044,8228,8908,Copper
6/5/2026,8780.5,9061,8219.5,8920.75,Copper
7/5/2026,8789,9078,8211,8933.5,Copper
8/5/2026,8797.5,9095,8202.5,8946.25,Copper
9/5/2026,8806,9112,8194,8959,Copper
10/5/2026,8814.5,9129,8185.5,8971.75,Copper
11/5/2026,8823,9146,8177,8984.5,Copper
12/5/2026,8831.5,9163,8168.5,8997.25,Copper
13/5/2026,8840,9180,8160,9010,Copper
14/5/2026,8848.5,9197,8151.5,9022.750000000002,Copper
15/5/2026,8857,9214,8143,9035.5,Copper
16/5/2026,8865.5,9231,8134.5,9048.25,Copper
17/5/2026,8874,9248,8126,9061,Copper
18/5/2026,8882.5,9265,8117.5,9073.75,Copper
19/5/2026,8891,9282,8109,9086.5,Copper
20/5/2026,8899.5,9299,8100.5,9099.25,Copper
21/5/2026,8908,9316,8092,9112,Copper
22/5/2026,8916.5,9333,8083.5,9124.75,Copper
23/5/2026,8925,9350,8075,9137.5,Copper
24/5/2026,8933.5,9367,8066.5,9150.25,Copper
25/5/2026,8942,9384,8058,9163,Copper
26/5/2026,8950.5,9401,8049.5,9175.75,Copper
27/5/2026,8959,9418,8041,9188.5,Copper
28/5/2026,8967.5,9435,8032.5,9201.25,Copper
29/5/2026,8976,9452,8024,9214,Copper
30/5/2026,8984.5,9469,8015.5,9226.75,Copper
31/5/2026,8993,9486,8007,9239.5,Copper
1/6/2026,9001.5,9503,7998.5,9252.25,Copper
2/6/2026,9010,9520,7990,9265,Copper
3/6/2026,9018.5,9536.999999999998,7981.500000000001,9277.75,Copper
4/6/2026,9027,9554.000000000002,7972.999999999999,9290.5,Copper
5/6/2026,9035.5,9570.999999999998,7964.500000000001,9303.25,Copper
6/6/2026,9044,9588.000000000002,7955.999999999999,9316,Copper
7/6/2026,9052.5,9605,7947.5,9328.75,Copper
8/6/2026,9061,9622.000000000002,7938.999999999999,9341.5,Copper
9/6/2026,9069.5,9639,7930.5,9354.25,Copper
10/6/2026,9078,9656.000000000002,7921.999999999999,9367,Copper
11/6/2026,9086.5,9673,7913.5,9379.75,Copper
12/6/2026,9095,9690.000000000002,7904.999999999999,9392.5,Copper
13/6/2026,9103.5,9707,7896.5,9405.25,Copper
14/6/2026,9112,9724.000000000002,7887.999999999999,9418,Copper
15/6/2026,9120.5,9741,7879.5,9430.75,Copper
16/6/2026,9129,9758,7871,9443.5,Copper
17/6/2026,9137.5,9775,7862.5,9456.25,Copper
18/6/2026,9146,9792,7854,9469,Copper
19/6/2026,9154.5,9809,7845.5,9481.75,Copper
20/6/2026,9163,9826,7837,9494.5,Copper
21/6/2026,9171.5,9843,7828.5,9507.25,Copper
22/6/2026,9180,9860,7820,9520,Copper
23/6/2026,9188.5,9877,7811.5,9532.75,Copper
24/6/2026,9197,9894,7803,9545.5,Copper
25/6/2026,9205.5,9911,7794.5,9558.25,Copper
26/6/2026,9214,9928,7786,9570.999999999998,Copper
27/6/2026,9222.5,9945,7777.5,9583.75,Copper
28/6/2026,9231,9962,7769,9596.5,Copper
29/6/2026,9239.5,9979,7760.5,9609.25,Copper
30/6/2026,9248,9996,7752,9622.000000000002,Copper
3/4/2026,2200,2200,2200,2200,Aluminium
4/4/2026,2202.2,2204.4,2197.8,2203.3,Aluminium
5/4/2026,2204.4,2208.8,2195.6,2206.6,Aluminium
6/4/2026,2206.6,2213.2,2193.4,2209.9,Aluminium
7/4/2026,2208.8,2217.6,2191.2,2213.2,Aluminium
8/4/2026,2210.9999999999995,2222,2189,2216.5,Aluminium
9/4/2026,2213.2,2226.4,2186.8,2219.7999999999997,Aluminium
10/4/2026,2215.3999999999996,2230.8,2184.6,2223.1,Aluminium
11/4/2026,2217.6,2235.2,2182.4,2226.4,Aluminium
12/4/2026,2219.7999999999997,2239.6,2180.2,2229.7000000000003,Aluminium
13/4/2026,2222,2244,2178,2233,Aluminium
14/4/2026,2224.2,2248.4,2175.8,2236.2999999999997,Aluminium
15/4/2026,2226.4,2252.8,2173.6,2239.6,Aluminium
16/4/2026,2228.6,2257.2000000000003,2171.4,2242.9,Aluminium
17/4/2026,2230.8,2261.6,2169.2,2246.2,Aluminium
18/4/2026,2233,2266,2167,2249.5,Aluminium
19/4/2026,2235.2,2270.4,2164.8,2252.8,Aluminium
20/4/2026,2237.3999999999996,2274.8,2162.6,2256.1000000000004,Aluminium
21/4/2026,2239.6,2279.2000000000003,2160.4,2259.3999999999996,Aluminium
22/4/2026,2241.7999999999997,2283.6,2158.2,2262.7,Aluminium
23/4/2026,2244,2288,2156,2266,Aluminium
24/4/2026,2246.2,2292.4,2153.8,2269.3,Aluminium
25/4/2026,2248.4,2296.8,2151.6,2272.6,Aluminium
26/4/2026,2250.6,2301.2000000000003,2149.4,2275.9,Aluminium
27/4/2026,2252.8,2305.6,2147.2,2279.2000000000003,Aluminium
28/4/2026,2255,2310,2145,2282.5,Aluminium
29/4/2026,2257.2000000000003,2314.4,2142.7999999999997,2285.7999999999997,Aluminium
30/4/2026,2259.3999999999996,2318.8,2140.6,2289.1,Aluminium
1/5/2026,2261.6,2323.2000000000003,2138.4,2292.4,Aluminium
2/5/2026,2263.7999999999997,2327.6,2136.2,2295.7000000000003,Aluminium
3/5/2026,2266,2332,2134,2299,Aluminium
4/5/2026,2268.2,2336.4,2131.7999999999997,2302.3,Aluminium
5/5/2026,2270.4,2340.8,2129.6,2305.6,Aluminium
6/5/2026,2272.6,2345.2000000000003,2127.4,2308.9,Aluminium
7/5/2026,2274.8,2349.6,2125.2,2312.2,Aluminium
8/5/2026,2277,2354,2123,2315.5,Aluminium
9/5/2026,2279.2000000000003,2358.4,2120.7999999999997,2318.8,Aluminium
10/5/2026,2281.3999999999996,2362.8,2118.6,2322.1000000000004,Aluminium
11/5/2026,2283.6,2367.2000000000003,2116.4,2325.4,Aluminium
12/5/2026,2285.7999999999997,2371.6000000000004,2114.2,2328.7,Aluminium
13/5/2026,2288,2376,2112,2332,Aluminium
14/5/2026,2290.2,2380.4,2109.7999999999997,2335.3,Aluminium
15/5/2026,2292.4,2384.8,2107.6,2338.6,Aluminium
16/5/2026,2294.6,2389.2000000000003,2105.4,2341.9,Aluminium
17/5/2026,2296.8,2393.6000000000004,2103.2,2345.2000000000003,Aluminium
18/5/2026,2299,2398,2101,2348.4999999999995,Aluminium
19/5/2026,2301.2000000000003,2402.4,2098.7999999999997,2351.7999999999997,Aluminium
20/5/2026,2303.3999999999996,2406.8,2096.6,2355.1,Aluminium
21/5/2026,2305.6,2411.2000000000003,2094.4,2358.4,Aluminium
22/5/2026,2307.7999999999997,2415.6000000000004,2092.2,2361.7,Aluminium
23/5/2026,2310,2420,2090,2365,Aluminium
24/5/2026,2312.2,2424.4,2087.7999999999997,2368.3,Aluminium
25/5/2026,2314.4,2428.8,2085.6,2371.6000000000004,Aluminium
26/5/2026,2316.6,2433.2000000000003,2083.4,2374.8999999999996,Aluminium
27/5/2026,2318.8,2437.6000000000004,2081.2,2378.2,Aluminium
28/5/2026,2321,2442,2079,2381.5,Aluminium
29/5/2026,2323.2000000000003,2446.4,2076.7999999999997,2384.8,Aluminium
30/5/2026,2325.4,2450.8,2074.6,2388.1,Aluminium
31/5/2026,2327.6,2455.2000000000003,2072.4,2391.4,Aluminium
1/6/2026,2329.7999999999997,2459.6000000000004,2070.2,2394.7000000000003,Aluminium
2/6/2026,2332,2464.0000000000005,2068,2398,Aluminium
3/6/2026,2334.2,2468.3999999999996,2065.8,2401.2999999999997,Aluminium
4/6/2026,2336.4,2472.8,2063.6,2404.6,Aluminium
5/6/2026,2338.6,2477.2,2061.4,2407.9,Aluminium
6/6/2026,2340.8,2481.6000000000004,2059.2,2411.2000000000003,Aluminium
7/6/2026,2343,2485.9999999999995,2057,2414.5,Aluminium
8/6/2026,2345.2000000000003,2490.4,2054.7999999999997,2417.7999999999997,Aluminium
9/6/2026,2347.4,2494.7999999999997,2052.6,2421.1,Aluminium
10/6/2026,2349.6,2499.2000000000003,2050.4,2424.4,Aluminium
11/6/2026,2351.7999999999997,2503.6,2048.2000000000003,2427.7,Aluminium
12/6/2026,2354,2508.0000000000005,2045.9999999999998,2431,Aluminium
13/6/2026,2356.2,2512.3999999999996,2043.8000000000002,2434.3,Aluminium
14/6/2026,2358.4,2516.8,2041.6,2437.6000000000004,Aluminium
15/6/2026,2360.6,2521.2,2039.4,2440.8999999999996,Aluminium
16/6/2026,2362.8,2525.6,2037.2,2444.2,Aluminium
17/6/2026,2365,2530,2035,2447.5,Aluminium
18/6/2026,2367.2000000000003,2534.3999999999996,2032.8000000000002,2450.8,Aluminium
19/6/2026,2369.4,2538.7999999999997,2030.6000000000001,2454.1,Aluminium
20/6/2026,2371.6000000000004,2543.2,2028.4,2457.4,Aluminium
21/6/2026,2373.7999999999997,2547.6,2026.2,2460.7000000000003,Aluminium
22/6/2026,2376,2552,2024,2464.0000000000005,Aluminium
23/6/2026,2378.2,2556.3999999999996,2021.8000000000002,2467.2999999999997,Aluminium
24/6/2026,2380.4,2560.7999999999997,2019.6000000000001,2470.6,Aluminium
25/6/2026,2382.6,2565.2,2017.4,2473.9,Aluminium
26/6/2026,2384.8,2569.6,2015.2,2477.2,Aluminium
27/6/2026,2387,2574,2013,2480.5,Aluminium
28/6/2026,2389.2000000000003,2578.3999999999996,2010.8000000000002,2483.8,Aluminium
29/6/2026,2391.4,2582.7999999999997,2008.6000000000001,2487.1,Aluminium
30/6/2026,2393.6000000000004,2587.2,2006.4,2490.4,Aluminium
3/4/2026,26000,26000,26000,26000,Tin
4/4/2026,26025.999999999996,26052,25974,26039,Tin
5/4/2026,26052,26104,25948,26077.999999999996,Tin
6/4/2026,26077.999999999996,26156,25922,26117,Tin
7/4/2026,26104,26208,25896,26156,Tin
8/4/2026,26129.999999999996,26260,25870,26195,Tin
9/4/2026,26156,26312,25844,26233.999999999996,Tin
10/4/2026,26181.999999999996,26364,25818,26273,Tin
11/4/2026,26208,26416,25792,26312,Tin
12/4/2026,26233.999999999996,26468,25766,26351,Tin
13/4/2026,26260,26520,25740,26389.999999999996,Tin
14/4/2026,26285.999999999996,26572,25714,26429,Tin
15/4/2026,26312,26624,25688,26468,Tin
16/4/2026,26337.999999999996,26676,25662,26507.000000000004,Tin
17/4/2026,26364,26728,25636,26545.999999999996,Tin
18/4/2026,26389.999999999996,26780,25610,26585,Tin
19/4/2026,26416,26832,25584,26624,Tin
20/4/2026,26441.999999999996,26884,25558,26663.000000000004,Tin
21/4/2026,26468,26936,25532,26701.999999999996,Tin
22/4/2026,26493.999999999996,26988,25506,26741,Tin
23/4/2026,26520,27040,25480,26780,Tin
24/4/2026,26545.999999999996,27092,25454,26819.000000000004,Tin
25/4/2026,26572,27144,25428,26857.999999999996,Tin
26/4/2026,26597.999999999996,27196,25402,26897,Tin
27/4/2026,26624,27248,25376,26936,Tin
28/4/2026,26649.999999999996,27300,25350,26975.000000000004,Tin
29/4/2026,26676,27352,25324,27013.999999999996,Tin
30/4/2026,26701.999999999996,27404,25298,27053,Tin
1/5/2026,26728,27456,25272,27092,Tin
2/5/2026,26753.999999999996,27508,25246,27131.000000000004,Tin
3/5/2026,26780,27560,25220,27169.999999999996,Tin
4/5/2026,26805.999999999996,27612,25194,27209,Tin
5/5/2026,26832,27664,25168,27248,Tin
6/5/2026,26857.999999999996,27716,25142,27287.000000000004,Tin
7/5/2026,26884,27768,25116,27326,Tin
8/5/2026,26909.999999999996,27820,25090,27365,Tin
9/5/2026,26936,27872,25064,27404,Tin
10/5/2026,26961.999999999996,27924,25038,27443.000000000004,Tin
11/5/2026,26988,27976,25012,27482,Tin
12/5/2026,27013.999999999996,28028,24986,27521,Tin
13/5/2026,27040,28080.000000000004,24960,27560,Tin
14/5/2026,27065.999999999996,28132.000000000004,24934,27599.000000000004,Tin
15/5/2026,27092,28184.000000000004,24908,27638,Tin
16/5/2026,27117.999999999996,28236.000000000004,24882,27677,Tin
17/5/2026,27144,28288.000000000004,24856,27716,Tin
18/5/2026,27169.999999999996,28340.000000000004,24830,27754.999999999996,Tin
19/5/2026,27196,28392.000000000004,24804,27794,Tin
20/5/2026,27222,28444.000000000004,24778,27833,Tin
21/5/2026,27248,28496.000000000004,24752,27872,Tin
22/5/2026,27274,28548.000000000004,24726,27910.999999999996,Tin
23/5/2026,27300,28600.000000000004,24700,27950,Tin
24/5/2026,27326,28652.000000000004,24674,27989,Tin
25/5/2026,27352,28704.000000000004,24648,28028,Tin
26/5/2026,27378,28756.000000000004,24622,28066.999999999996,Tin
27/5/2026,27404,28808.000000000004,24596,28106,Tin
28/5/2026,27430,28860.000000000004,24570,28145,Tin
29/5/2026,27456,28912.000000000004,24544,28184.000000000004,Tin
30/5/2026,27482,28964.000000000004,24518,28222.999999999996,Tin
31/5/2026,27508,29016.000000000004,24492,28262,Tin
1/6/2026,27534,29068.000000000004,24466,28301,Tin
2/6/2026,27560,29120.000000000004,24440,28340.000000000004,Tin
3/6/2026,27586,29171.999999999996,24414,28378.999999999996,Tin
4/6/2026,27612,29224.000000000004,24388,28418,Tin
5/6/2026,27638,29275.999999999996,24362,28457,Tin
6/6/2026,27664,29328.000000000004,24336,28496.000000000004,Tin
7/6/2026,27690,29379.999999999996,24310,28534.999999999996,Tin
8/6/2026,27716,29432.000000000004,24284,28574,Tin
9/6/2026,27742,29483.999999999996,24258,28613,Tin
10/6/2026,27768,29536.000000000004,24232,28652.000000000004,Tin
11/6/2026,27794,29587.999999999996,24206,28690.999999999996,Tin
12/6/2026,27820,29640.000000000004,24180,28730,Tin
13/6/2026,27846,29691.999999999996,24154,28769,Tin
14/6/2026,27872,29744.000000000004,24128,28808.000000000004,Tin
15/6/2026,27898,29795.999999999996,24102,28847,Tin
16/6/2026,27924,29847.999999999996,24076,28886,Tin
17/6/2026,27950,29899.999999999996,24050,28925,Tin
18/6/2026,27976,29951.999999999996,24024,28964.000000000004,Tin
19/6/2026,28002,30003.999999999996,23998,29003,Tin
20/6/2026,28028,30055.999999999996,23972,29042,Tin
21/6/2026,28054,30107.999999999996,23946,29081,Tin
22/6/2026,28080.000000000004,30159.999999999996,23920,29120.000000000004,Tin
23/6/2026,28106,30211.999999999996,23894,29159,Tin
24/6/2026,28132.000000000004,30263.999999999996,23868,29198,Tin
25/6/2026,28158,30315.999999999996,23842,29237,Tin
26/6/2026,28184.000000000004,30367.999999999996,23816,29275.999999999996,Tin
27/6/2026,28210,30419.999999999996,23790,29315,Tin
28/6/2026,28236.000000000004,30472,23764,29354,Tin
29/6/2026,28262,30524,23738,29393,Tin
30/6/2026,28288.000000000004,30576,23712,29432.000000000004,Tin
3/4/2026,17000,17000,17000,17000,Nickel
4/4/2026,17016.999999999996,17034,16983,17025.5,Nickel
5/4/2026,17034,17068,16966,17050.999999999996,Nickel
6/4/2026,17050.999999999996,17102,16949,17076.5,Nickel
7/4/2026,17068,17136,16932,17102,Nickel
8/4/2026,17085,17170,16915,17127.5,Nickel
9/4/2026,17102,17204,16898,17153,Nickel
10/4/2026,17119,17238,16881,17178.5,Nickel
11/4/2026,17136,17272,16864,17204,Nickel
12/4/2026,17153,17306,16847,17229.5,Nickel
13/4/2026,17170,17340,16830,17255,Nickel
14/4/2026,17187,17374,16813,17280.5,Nickel
15/4/2026,17204,17408,16796,17306,Nickel
16/4/2026,17221,17442,16779,17331.5,Nickel
17/4/2026,17238,17476,16762,17357,Nickel
18/4/2026,17255,17510,16745,17382.5,Nickel
19/4/2026,17272,17544,16728,17408,Nickel
20/4/2026,17289,17578,16711,17433.5,Nickel
21/4/2026,17306,17612,16694,17459,Nickel
22/4/2026,17323,17646,16677,17484.5,Nickel
23/4/2026,17340,17680,16660,17510,Nickel
24/4/2026,17357,17714,16643,17535.5,Nickel
25/4/2026,17374,17748,16626,17561,Nickel
26/4/2026,17391,17782,16609,17586.5,Nickel
27/4/2026,17408,17816,16592,17612,Nickel
28/4/2026,17425,17850,16575,17637.5,Nickel
29/4/2026,17442,17884,16558,17663,Nickel
30/4/2026,17459,17918,16541,17688.5,Nickel
1/5/2026,17476,17952,16524,17714,Nickel
2/5/2026,17493,17986,16507,17739.5,Nickel
3/5/2026,17510,18020,16490,17765,Nickel
4/5/2026,17527,18054,16473,17790.5,Nickel
5/5/2026,17544,18088,16456,17816,Nickel
6/5/2026,17561,18122,16439,17841.5,Nickel
7/5/2026,17578,18156,16422,17867,Nickel
8/5/2026,17595,18190,16405,17892.5,Nickel
9/5/2026,17612,18224,16388,17918,Nickel
10/5/2026,17629,18258,16371,17943.5,Nickel
11/5/2026,17646,18292,16354,17969,Nickel
12/5/2026,17663,18326,16337,17994.5,Nickel
13/5/2026,17680,18360,16320,18020,Nickel
14/5/2026,17697,18394,16303,18045.500000000004,Nickel
15/5/2026,17714,18428,16286,18071,Nickel
16/5/2026,17731,18462,16269,18096.5,Nickel
17/5/2026,17748,18496,16252,18122,Nickel
18/5/2026,17765,18530,16235,18147.5,Nickel
19/5/2026,17782,18564,16218,18173,Nickel
20/5/2026,17799,18598,16201,18198.5,Nickel
21/5/2026,17816,18632,16184,18224,Nickel
22/5/2026,17833,18666,16167,18249.5,Nickel
23/5/2026,17850,18700,16150,18275,Nickel
24/5/2026,17867,18734,16133,18300.5,Nickel
25/5/2026,17884,18768,16116,18326,Nickel
26/5/2026,17901,18802,16099,18351.5,Nickel
27/5/2026,17918,18836,16082,18377,Nickel
28/5/2026,17935,18870,16065,18402.5,Nickel
29/5/2026,17952,18904,16048,18428,Nickel
30/5/2026,17969,18938,16031,18453.5,Nickel
31/5/2026,17986,18972,16014,18479,Nickel
1/6/2026,18003,19006,15997,18504.5,Nickel
2/6/2026,18020,19040,15980,18530,Nickel
3/6/2026,18037,19073.999999999996,15963.000000000002,18555.5,Nickel
4/6/2026,18054,19108.000000000004,15945.999999999998,18581,Nickel
5/6/2026,18071,19141.999999999996,15929.000000000002,18606.5,Nickel
6/6/2026,18088,19176.000000000004,15911.999999999998,18632,Nickel
7/6/2026,18105,19210,15895,18657.5,Nickel
8/6/2026,18122,19244.000000000004,15877.999999999998,18683,Nickel
9/6/2026,18139,19278,15861,18708.5,Nickel
10/6/2026,18156,19312.000000000004,15843.999999999998,18734,Nickel
11/6/2026,18173,19346,15827,18759.5,Nickel
12/6/2026,18190,19380.000000000004,15809.999999999998,18785,Nickel
13/6/2026,18207,19414,15793,18810.5,Nickel
14/6/2026,18224,19448.000000000004,15775.999999999998,18836,Nickel
15/6/2026,18241,19482,15759,18861.5,Nickel
16/6/2026,18258,19516,15742,18887,Nickel
17/6/2026,18275,19550,15725,18912.5,Nickel
18/6/2026,18292,19584,15708,18938,Nickel
19/6/2026,18309,19618,15691,18963.5,Nickel
20/6/2026,18326,19652,15674,18989,Nickel
21/6/2026,18343,19686,15657,19014.5,Nickel
22/6/2026,18360,19720,15640,19040,Nickel
23/6/2026,18377,19754,15623,19065.5,Nickel
24/6/2026,18394,19788,15606,19091,Nickel
25/6/2026,18411,19822,15589,19116.5,Nickel
26/6/2026,18428,19856,15572,19141.999999999996,Nickel
27/6/2026,18445,19890,15555,19167.5,Nickel
28/6/2026,18462,19924,15538,19193,Nickel
29/6/2026,18479,19958,15521,19218.5,Nickel
30/6/2026,18496,19992,15504,19244.000000000004,Nickel
3/4/2026,2100,2100,2100,2100,Lead
4/4/2026,2102.1,2104.2,2097.9,2103.15,Lead
5/4/2026,2104.2,2108.4,2095.8,2106.2999999999997,Lead
6/4/2026,2106.2999999999997,2112.6,2093.7,2109.45,Lead
7/4/2026,2108.4,2116.8,2091.6,2112.6,Lead
8/4/2026,2110.5,2121,2089.5,2115.75,Lead
9/4/2026,2112.6,2125.2,2087.4,2118.8999999999996,Lead
10/4/2026,2114.7,2129.4,2085.3,2122.0499999999997,Lead
11/4/2026,2116.8,2133.6,2083.2,2125.2,Lead
12/4/2026,2118.8999999999996,2137.8,2081.1,2128.3500000000004,Lead
13/4/2026,2121,2142,2079,2131.5,Lead
14/4/2026,2123.1,2146.2,2076.9,2134.65,Lead
15/4/2026,2125.2,2150.4,2074.8,2137.8,Lead
16/4/2026,2127.2999999999997,2154.6,2072.7,2140.9500000000003,Lead
17/4/2026,2129.4,2158.8,2070.6,2144.1,Lead
18/4/2026,2131.5,2163,2068.5,2147.25,Lead
19/4/2026,2133.6,2167.2000000000003,2066.4,2150.4,Lead
20/4/2026,2135.7,2171.4,2064.3,2153.55,Lead
21/4/2026,2137.8,2175.6,2062.2,2156.7,Lead
22/4/2026,2139.8999999999996,2179.8,2060.1,2159.85,Lead
23/4/2026,2142,2184,2058,2163,Lead
24/4/2026,2144.1,2188.2000000000003,2055.9,2166.15,Lead
25/4/2026,2146.2,2192.4,2053.8,2169.2999999999997,Lead
26/4/2026,2148.2999999999997,2196.6,2051.7,2172.45,Lead
27/4/2026,2150.4,2200.8,2049.6,2175.6,Lead
28/4/2026,2152.5,2205,2047.5,2178.75,Lead
29/4/2026,2154.6,2209.2000000000003,2045.3999999999999,2181.8999999999996,Lead
30/4/2026,2156.7,2213.4,2043.3,2185.05,Lead
1/5/2026,2158.8,2217.6,2041.2,2188.2000000000003,Lead
2/5/2026,2160.8999999999996,2221.8,2039.1,2191.3500000000004,Lead
3/5/2026,2163,2226,2037,2194.5,Lead
4/5/2026,2165.1,2230.2000000000003,2034.8999999999999,2197.65,Lead
5/5/2026,2167.2000000000003,2234.4,2032.8,2200.8,Lead
6/5/2026,2169.2999999999997,2238.6,2030.7,2203.9500000000003,Lead
7/5/2026,2171.4,2242.8,2028.6,2207.1,Lead
8/5/2026,2173.5,2247,2026.5,2210.25,Lead
9/5/2026,2175.6,2251.2000000000003,2024.3999999999999,2213.4,Lead
10/5/2026,2177.7,2255.4,2022.3,2216.55,Lead
11/5/2026,2179.8,2259.6000000000004,2020.1999999999998,2219.7,Lead
12/5/2026,2181.8999999999996,2263.8,2018.1,2222.85,Lead
13/5/2026,2184,2268,2016,2226,Lead
14/5/2026,2186.1,2272.2000000000003,2013.8999999999999,2229.15,Lead
15/5/2026,2188.2000000000003,2276.4,2011.8,2232.2999999999997,Lead
16/5/2026,2190.2999999999997,2280.6000000000004,2009.6999999999998,2235.45,Lead
17/5/2026,2192.4,2284.8,2007.6,2238.6,Lead
18/5/2026,2194.5,2289,2005.5,2241.75,Lead
19/5/2026,2196.6,2293.2000000000003,2003.3999999999999,2244.9,Lead
20/5/2026,2198.7,2297.4,2001.3,2248.05,Lead
21/5/2026,2200.8,2301.6000000000004,1999.1999999999998,2251.2000000000003,Lead
22/5/2026,2202.8999999999996,2305.8,1997.1,2254.35,Lead
23/5/2026,2205,2310,1995,2257.5,Lead
24/5/2026,2207.1,2314.2000000000003,1992.8999999999999,2260.65,Lead
25/5/2026,2209.2000000000003,2318.4,1990.8,2263.8,Lead
26/5/2026,2211.2999999999997,2322.6000000000004,1988.6999999999998,2266.95,Lead
27/5/2026,2213.4,2326.8,1986.6,2270.1,Lead
28/5/2026,2215.5,2331,1984.5,2273.25,Lead
29/5/2026,2217.6,2335.2000000000003,1982.3999999999999,2276.4,Lead
30/5/2026,2219.7,2339.4,1980.3,2279.5499999999997,Lead
31/5/2026,2221.8,2343.6000000000004,1978.1999999999998,2282.7,Lead
1/6/2026,2223.9,2347.8,1976.1,2285.85,Lead
2/6/2026,2226,2352,1974,2289,Lead
3/6/2026,2228.1,2356.2,1971.9,2292.1499999999996,Lead
4/6/2026,2230.2000000000003,2360.4,1969.8,2295.2999999999997,Lead
5/6/2026,2232.2999999999997,2364.6,1967.7,2298.4500000000003,Lead
6/6/2026,2234.4,2368.8,1965.6,2301.6000000000004,Lead
7/6/2026,2236.5,2373,1963.5,2304.75,Lead
8/6/2026,2238.6,2377.2000000000003,1961.3999999999999,2307.9,Lead
9/6/2026,2240.7,2381.3999999999996,1959.3000000000002,2311.05,Lead
10/6/2026,2242.8,2385.6000000000004,1957.1999999999998,2314.2000000000003,Lead
11/6/2026,2244.9,2389.7999999999997,1955.1000000000001,2317.35,Lead
12/6/2026,2247,2394.0000000000005,1952.9999999999998,2320.5,Lead
13/6/2026,2249.1,2398.2,1950.9,2323.65,Lead
14/6/2026,2251.2000000000003,2402.4,1948.8,2326.8,Lead
15/6/2026,2253.2999999999997,2406.6,1946.7,2329.95,Lead
16/6/2026,2255.4,2410.7999999999997,1944.6000000000001,2333.1,Lead
17/6/2026,2257.5,2415,1942.5,2336.25,Lead
18/6/2026,2259.6000000000004,2419.2,1940.4,2339.4,Lead
19/6/2026,2261.7,2423.3999999999996,1938.3000000000002,2342.5499999999997,Lead
20/6/2026,2263.8,2427.6,1936.2,2345.7,Lead
21/6/2026,2265.9,2431.7999999999997,1934.1000000000001,2348.85,Lead
22/6/2026,2268,2436,1932,2352,Lead
23/6/2026,2270.1,2440.2,1929.9,2355.15,Lead
24/6/2026,2272.2000000000003,2444.3999999999996,1927.8000000000002,2358.3,Lead
25/6/2026,2274.2999999999997,2448.6,1925.7,2361.4500000000003,Lead
26/6/2026,2276.4,2452.7999999999997,1923.6000000000001,2364.6,Lead
27/6/2026,2278.5,2457,1921.5,2367.75,Lead
28/6/2026,2280.6000000000004,2461.2,1919.4,2370.9,Lead
29/6/2026,2282.7,2465.3999999999996,1917.3000000000002,2374.05,Lead
30/6/2026,2284.8,2469.6,1915.2,2377.2000000000003,Lead
3/4/2026,2400,2400,2400,2400,Zinc
4/4/2026,2402.3999999999996,2404.8,2397.6,2403.6000000000004,Zinc
5/4/2026,2404.8,2409.6,2395.2,2407.2,Zinc
6/4/2026,2407.2,2414.4,2392.8,2410.7999999999997,Zinc
7/4/2026,2409.6,2419.2,2390.4,2414.4,Zinc
8/4/2026,2411.9999999999995,2424,2388,2418,Zinc
9/4/2026,2414.4,2428.8,2385.6,2421.6,Zinc
10/4/2026,2416.7999999999997,2433.6,2383.2,2425.2,Zinc
11/4/2026,2419.2,2438.4,2380.8,2428.8,Zinc
12/4/2026,2421.6,2443.2,2378.4,2432.4,Zinc
13/4/2026,2424,2448,2376,2435.9999999999995,Zinc
14/4/2026,2426.3999999999996,2452.8,2373.6,2439.6,Zinc
15/4/2026,2428.8,2457.6,2371.2,2443.2,Zinc
16/4/2026,2431.2,2462.4,2368.8,2446.8,Zinc
17/4/2026,2433.6,2467.2000000000003,2366.4,2450.3999999999996,Zinc
18/4/2026,2435.9999999999995,2472,2364,2454,Zinc
19/4/2026,2438.4,2476.8,2361.6,2457.6,Zinc
20/4/2026,2440.7999999999997,2481.6,2359.2,2461.2000000000003,Zinc
21/4/2026,2443.2,2486.4,2356.8,2464.7999999999997,Zinc
22/4/2026,2445.6,2491.2000000000003,2354.4,2468.4,Zinc
23/4/2026,2448,2496,2352,2472,Zinc
24/4/2026,2450.3999999999996,2500.8,2349.6,2475.6000000000004,Zinc
25/4/2026,2452.8,2505.6,2347.2,2479.2,Zinc
26/4/2026,2455.2,2510.4,2344.7999999999997,2482.7999999999997,Zinc
27/4/2026,2457.6,2515.2000000000003,2342.4,2486.4,Zinc
28/4/2026,2460,2520,2340,2490,Zinc
29/4/2026,2462.4,2524.8,2337.6,2493.6,Zinc
30/4/2026,2464.7999999999997,2529.6,2335.2,2497.2,Zinc
1/5/2026,2467.2000000000003,2534.4,2332.7999999999997,2500.8,Zinc
2/5/2026,2469.6,2539.2000000000003,2330.4,2504.4,Zinc
3/5/2026,2472,2544,2328,2508,Zinc
4/5/2026,2474.3999999999996,2548.8,2325.6,2511.6,Zinc
5/5/2026,2476.8,2553.6000000000004,2323.2,2515.2000000000003,Zinc
6/5/2026,2479.2,2558.4,2320.7999999999997,2518.8,Zinc
7/5/2026,2481.6,2563.2000000000003,2318.4,2522.3999999999996,Zinc
8/5/2026,2484,2568,2316,2526,Zinc
9/5/2026,2486.4,2572.8,2313.6,2529.6,Zinc
10/5/2026,2488.7999999999997,2577.6000000000004,2311.2,2533.2000000000003,Zinc
11/5/2026,2491.2000000000003,2582.4,2308.7999999999997,2536.7999999999997,Zinc
12/5/2026,2493.6,2587.2000000000003,2306.4,2540.4,Zinc
13/5/2026,2496,2592,2304,2544,Zinc
14/5/2026,2498.3999999999996,2596.8,2301.6,2547.6000000000004,Zinc
15/5/2026,2500.8,2601.6000000000004,2299.2,2551.2,Zinc
16/5/2026,2503.2,2606.4,2296.7999999999997,2554.8,Zinc
17/5/2026,2505.6,2611.2000000000003,2294.4,2558.4,Zinc
18/5/2026,2508,2616,2292,2561.9999999999995,Zinc
19/5/2026,2510.4,2620.8,2289.6,2565.6,Zinc
20/5/2026,2512.7999999999997,2625.6000000000004,2287.2,2569.2,Zinc
21/5/2026,2515.2000000000003,2630.4,2284.7999999999997,2572.8,Zinc
22/5/2026,2517.6,2635.2000000000003,2282.4,2576.3999999999996,Zinc
23/5/2026,2520,2640,2280,2580,Zinc
24/5/2026,2522.3999999999996,2644.8,2277.6,2583.6,Zinc
25/5/2026,2524.8,2649.6000000000004,2275.2,2587.2000000000003,Zinc
26/5/2026,2527.2,2654.4,2272.7999999999997,2590.7999999999997,Zinc
27/5/2026,2529.6,2659.2000000000003,2270.4,2594.4,Zinc
28/5/2026,2532,2664.0000000000005,2268,2598,Zinc
29/5/2026,2534.4,2668.8,2265.6,2601.6000000000004,Zinc
30/5/2026,2536.7999999999997,2673.6000000000004,2263.2,2605.2,Zinc
31/5/2026,2539.2000000000003,2678.4,2260.7999999999997,2608.7999999999997,Zinc
1/6/2026,2541.6,2683.2000000000003,2258.4,2612.4,Zinc
2/6/2026,2544,2688.0000000000005,2256,2616,Zinc
3/6/2026,2546.3999999999996,2692.7999999999997,2253.6000000000004,2619.6,Zinc
4/6/2026,2548.8,2697.6000000000004,2251.2,2623.2,Zinc
5/6/2026,2551.2,2702.3999999999996,2248.8,2626.8,Zinc
6/6/2026,2553.6000000000004,2707.2000000000003,2246.3999999999996,2630.4,Zinc
7/6/2026,2556,2711.9999999999995,2244,2634,Zinc
8/6/2026,2558.4,2716.8,2241.6,2637.6,Zinc
9/6/2026,2560.7999999999997,2721.6,2239.2000000000003,2641.2000000000003,Zinc
10/6/2026,2563.2000000000003,2726.4,2236.7999999999997,2644.8,Zinc
11/6/2026,2565.6,2731.2,2234.4,2648.3999999999996,Zinc
12/6/2026,2568,2736.0000000000005,2232,2652,Zinc
13/6/2026,2570.4,2740.7999999999997,2229.6,2655.6,Zinc
14/6/2026,2572.8,2745.6000000000004,2227.2,2659.2000000000003,Zinc
15/6/2026,2575.2,2750.3999999999996,2224.8,2662.7999999999997,Zinc
16/6/2026,2577.6000000000004,2755.2,2222.4,2666.4,Zinc
17/6/2026,2580,2760,2220,2670,Zinc
18/6/2026,2582.4,2764.7999999999997,2217.6,2673.6000000000004,Zinc
19/6/2026,2584.7999999999997,2769.6,2215.2000000000003,2677.2,Zinc
20/6/2026,2587.2000000000003,2774.3999999999996,2212.8,2680.8,Zinc
21/6/2026,2589.6,2779.2,2210.4,2684.4,Zinc
22/6/2026,2592,2784,2208,2688.0000000000005,Zinc
23/6/2026,2594.4,2788.7999999999997,2205.6,2691.6,Zinc
24/6/2026,2596.8,2793.6,2203.2000000000003,2695.2,Zinc
25/6/2026,2599.2,2798.3999999999996,2200.8,2698.8,Zinc
26/6/2026,2601.6000000000004,2803.2,2198.4,2702.3999999999996,Zinc
27/6/2026,2604,2808,2196,2706,Zinc
28/6/2026,2606.4,2812.7999999999997,2193.6,2709.6,Zinc
29/6/2026,2608.7999999999997,2817.6,2191.2000000000003,2713.2000000000003,Zinc
30/6/2026,2611.2000000000003,2822.3999999999996,2188.8,2716.8,Zinc
